cl,time,cubicmeter,volumetric_flow_rate
1.0,4.3,1e-06,2.3255813953488372e-07
1.0,4.08,1e-06,2.4509803921568627e-07
1.1,4.1,1.1e-06,2.682926829268293e-07
1.05,3.83,1.05e-06,2.7415143603133156e-07
1.1,4.03,1.1e-06,2.729528535980149e-07
1.0,4.17,1e-06,2.398081534772182e-07
1.0,4.43,1e-06,2.2573363431151243e-07
1.0,4.37,1e-06,2.2883295194508008e-07
1.1,4.49,1.1e-06,2.44988864142539e-07
0.95,3.64,9.499999999999999e-07,2.6098901098901093e-07
